<?xml version="1.0" encoding="UTF-8"?>
<beans xmlns="http://www.springframework.org/schema/beans"
    xmlns:xsi="http://www.w3.org/2001/XMLSchema-instance"
	xmlns:rabbit="http://www.springframework.org/schema/rabbit"
    xsi:schemaLocation="http://www.springframework.org/schema/beans
              http://www.springframework.org/schema/beans/spring-beans.xsd
			  http://www.springframework.org/schema/rabbit 
			  http://www.springframework.org/schema/rabbit/spring-rabbit-1.2.xsd"
>

	<bean id="diningProcessor" class="rewards.messaging.client.AmqpDiningProcessor">
		<property name="rabbitTemplate" ref="rabbitTemplate"/>
	</bean>

	<bean id="rabbitTemplate" class="org.springframework.amqp.rabbit.core.RabbitTemplate">
		<property name="connectionFactory" ref="rabbitConnectionFactory"/>
	</bean>

	<bean id="confirmationLogger" class="rewards.messaging.client.RewardConfirmationLogger"/>

	<rabbit:listener-container connection-factory="rabbitConnectionFactory">
		<rabbit:listener ref="confirmationLogger" method="log" queue-names="rewards.queue.confirmation"/>
	</rabbit:listener-container>

</beans>
