<?xml version="1.0" encoding="UTF-8"?>
<beans xmlns="http://www.springframework.org/schema/beans"
	xmlns:mvc="http://www.springframework.org/schema/mvc" xmlns:xsi="http://www.w3.org/2001/XMLSchema-instance"
	xmlns:context="http://www.springframework.org/schema/context"
	xsi:schemaLocation="http://www.springframework.org/schema/beans
                           http://www.springframework.org/schema/beans/spring-beans.xsd
                           http://www.springframework.org/schema/context
                           http://www.springframework.org/schema/context/spring-context.xsd">

	<context:component-scan base-package="uk.nhs.nhsprotect.cpod">
		<!-- prevent controllers being picked up here, will be loaded in web spring-servlet 
			instead -->
		<context:exclude-filter type="annotation"
			expression="org.springframework.stereotype.Controller" />

	</context:component-scan>

	<!-- Listener gets invoked when user fails to login or successfully login -->
	<bean id="authListener"
		class="uk.nhs.nhsprotect.cpod.listener.authentication.AuthenticationListener" />

	<!-- Application scoped passwordEncoder -->
	<bean
		class="org.springframework.security.crypto.bcrypt.BCryptPasswordEncoder"
		id="passwordEncoder"></bean>
	<!-- application scoped MD5 password encoder -->
	<bean
		class="org.springframework.security.authentication.encoding.Md5PasswordEncoder"
		id="md5PasswordEncoder"></bean>

	<!-- Jasypt encryptor for hibernate -->
	<bean id="hibernateStringEncryptor"
		class="org.jasypt.hibernate4.encryptor.HibernatePBEStringEncryptor">
		<property name="registeredName">
			<value>strongHibernateStringEncryptor</value>
		</property>
		<property name="algorithm">
			<value>PBEWithMD5AndTripleDES</value>
		</property>
		<property name="password">
			<value>jasypt</value>
		</property>
	</bean>

	<!-- javamelody pointcut to monitor business methods - service implementations 
		must implement the named interface (interfaceName). -->
	<bean id="facadeMonitoringAdvisor" class="net.bull.javamelody.MonitoringSpringAdvisor">
		<property name="pointcut">
			<bean class="net.bull.javamelody.MonitoredWithInterfacePointcut">
				<property name="interfaceName"
					value="uk.nhs.nhsprotect.cpod.service.AbstractService" />
			</bean>
		</property>
	</bean>
</beans>
