<?xml version="1.0" encoding="UTF-8"?>
<beans xmlns="http://www.springframework.org/schema/beans"
	xmlns:xsi="http://www.w3.org/2001/XMLSchema-instance" xmlns:tx="http://www.springframework.org/schema/tx"
	xmlns:jdbc="http://www.springframework.org/schema/jdbc"
	xsi:schemaLocation="http://www.springframework.org/schema/jdbc http://www.springframework.org/schema/jdbc/spring-jdbc-3.2.xsd
		http://www.springframework.org/schema/beans http://www.springframework.org/schema/beans/spring-beans-3.1.xsd
		http://www.springframework.org/schema/tx http://www.springframework.org/schema/tx/spring-tx-3.1.xsd">


	<!-- values are supplied during maven build see POM.xml -->
	<bean id="dataSource"
		class="org.springframework.jdbc.datasource.DriverManagerDataSource">
		<property name="driverClassName" value="${jdbc.driver}" />
		<property name="url" value="${jdbc.url}" />
		<property name="username" value="${jdbc.user}" />
		<property name="password" value="${jdbc.password}" />
	</bean>

	<bean id="sessionFactory"
		class="org.springframework.orm.hibernate4.LocalSessionFactoryBean">
		<property name="dataSource" ref="dataSource" />
		<property name="packagesToScan" value="uk.nhs.nhsprotect.*.model" />
		<property name="hibernateProperties">
			<props>
				<prop key="hibernate.dialect">org.hibernate.dialect.OracleDialect</prop>
				<prop key="hibernate.show_sql">${hibernate.show_sql}</prop>

			</props>
		</property>
		<property name="entityInterceptor" ref="auditTrailInterceptor" />
	</bean>

	<bean id="auditTrailInterceptor"
		class="uk.nhs.nhsprotect.cpod.model.interceptor.AuditTrailInterceptor"></bean>

	<tx:annotation-driven transaction-manager="transactionManager" />

	<bean id="transactionManager"
		class="org.springframework.orm.hibernate4.HibernateTransactionManager">
		<property name="sessionFactory" ref="sessionFactory" />
	</bean>

	<!-- Connecting to SIRS Database -->
	<bean id="sirsDataSource"
		class="org.springframework.jdbc.datasource.DriverManagerDataSource">
		<property name="driverClassName" value="${jdbc.driver}" />
		<property name="url" value="${sirs.jdbc.url}" />
		<property name="username" value="${sirs.jdbc.user}" />
		<property name="password" value="${sirs.jdbc.password}" />
	</bean>

	<bean id="sirsSessionFactory"
		class="org.springframework.orm.hibernate4.LocalSessionFactoryBean">
		<property name="dataSource" ref="sirsDataSource" />
		<property name="packagesToScan" value="uk.nhs.nhsprotect.*.model" />
		<property name="hibernateProperties">
			<props>
				<prop key="hibernate.dialect">org.hibernate.dialect.OracleDialect</prop>
				<prop key="hibernate.show_sql">${hibernate.show_sql}</prop>
			</props>
		</property>
		<property name="entityInterceptor" ref="auditTrailInterceptor" />
	</bean>

	<bean id="sirsTransactionManager"
		class="org.springframework.orm.hibernate4.HibernateTransactionManager">
		<property name="sessionFactory" ref="sirsSessionFactory" />
	</bean>

	<tx:annotation-driven transaction-manager="sirsTransactionManager" />


	<!-- Connecting to SRT Database -->
	<bean id="srtDataSource"
		class="org.springframework.jdbc.datasource.DriverManagerDataSource">
		<property name="driverClassName" value="${jdbc.driver}" />
		<property name="url" value="${srt.jdbc.url}" />
		<property name="username" value="${srt.jdbc.user}" />
		<property name="password" value="${srt.jdbc.password}" />
	</bean>

	<bean id="srtSessionFactory"
		class="org.springframework.orm.hibernate4.LocalSessionFactoryBean">
		<property name="dataSource" ref="srtDataSource" />
		<property name="packagesToScan" value="uk.nhs.nhsprotect.*.model" />
		<property name="hibernateProperties">
			<props>
				<prop key="hibernate.dialect">org.hibernate.dialect.OracleDialect</prop>
				<prop key="hibernate.show_sql">${hibernate.show_sql}</prop>
			</props>
		</property>
		<property name="entityInterceptor" ref="auditTrailInterceptor" />
	</bean>

	<bean id="srtTransactionManager"
		class="org.springframework.orm.hibernate4.HibernateTransactionManager">
		<property name="sessionFactory" ref="srtSessionFactory" />
	</bean>

	<tx:annotation-driven transaction-manager="srtTransactionManager" />
	<!-- JUNIT only profile -->
	<beans profile="junit">

		<bean id="dataSource"
			class="org.springframework.jdbc.datasource.DriverManagerDataSource">
			<property name="driverClassName" value="${junit.jdbc.driver}" />
			<property name="url" value="${junit.jdbc.url}" />
			<property name="username" value="${junit.jdbc.user}" />
			<property name="password" value="${junit.jdbc.password}" />
		</bean>

		<bean id="sirsDataSource"
			class="org.springframework.jdbc.datasource.DriverManagerDataSource">
			<property name="driverClassName" value="${sirsjunit.jdbc.driver}" />
			<property name="url" value="${sirsjunit.jdbc.url}" />
			<property name="username" value="${sirsjunit.jdbc.user}" />
			<property name="password" value="${sirsjunit.jdbc.password}" />
		</bean>

		<bean id="srtDataSource"
			class="org.springframework.jdbc.datasource.DriverManagerDataSource">
			<property name="driverClassName" value="${srtjunit.jdbc.driver}" />
			<property name="url" value="${srtjunit.jdbc.url}" />
			<property name="username" value="${srtjunit.jdbc.user}" />
			<property name="password" value="${srtjunit.jdbc.password}" />
		</bean>
		
		<bean id="propertyConfigurer"
			class="org.springframework.beans.factory.config.PropertyPlaceholderConfigurer">
			<property name="locations">
				<list>
					<value>classpath:database.junit.properties</value>
					<value>classpath:als.properties</value>
				</list>
			</property>
		</bean>

		<jdbc:initialize-database data-source="dataSource">
			<jdbc:script execution="INIT" location="classpath:/setup.sql" />
			<jdbc:script execution="DESTROY" location="classpath:/teardown.sql" />
		</jdbc:initialize-database>

		<!-- SIRS JUNIT SCHEMA INIT and TEARDOWN -->
		<jdbc:initialize-database data-source="sirsDataSource">
			<jdbc:script execution="INIT" location="classpath:/sirsSetup.sql" />
			<jdbc:script execution="DESTROY" location="classpath:/sirsTeardown.sql" />
		</jdbc:initialize-database>

		<!-- SRT JUNIT SCHEMA INIT and TEARDOWN -->
		<jdbc:initialize-database data-source="srtDataSource">
			<jdbc:script execution="INIT" location="classpath:/srtSetup.sql" />
			<jdbc:script execution="DESTROY" location="classpath:/srtTeardown.sql" />
		</jdbc:initialize-database>

	</beans>

</beans>