<?xml version="1.0"?>
<beans:beans xmlns="http://www.springframework.org/schema/batch"
	xmlns:beans="http://www.springframework.org/schema/beans"
	xmlns:xsi="http://www.w3.org/2001/XMLSchema-instance"
	xsi:schemaLocation="http://www.springframework.org/schema/batch http://www.springframework.org/schema/batch/spring-batch-3.0.xsd
		http://www.springframework.org/schema/beans http://www.springframework.org/schema/beans/spring-beans.xsd">

	<job id="resendUnprocessedDiningsJob">
		<step id="processConfirmationsStep" next="sendUnprocessedDiningsStep">
			<tasklet>
				<chunk reader="confirmationReader" writer="confirmationUpdater" 
				       commit-interval="${chunk.size}" reader-transactional-queue="true"/>
			</tasklet>
		</step>
		<step id="sendUnprocessedDiningsStep">
			<tasklet>
				<chunk reader="unconfirmedDiningsReader" writer="requestSender" 
				       commit-interval="${chunk.size}"/>
			</tasklet>
		</step>
	</job>

</beans:beans>
