<?xml version="1.0" encoding="UTF-8"?>
<beans xmlns="http://www.springframework.org/schema/beans"
	xmlns:xsi="http://www.w3.org/2001/XMLSchema-instance"
	xmlns:util="http://www.springframework.org/schema/util"
	xsi:schemaLocation="http://www.springframework.org/schema/beans http://www.springframework.org/schema/beans/spring-beans.xsd
		http://www.springframework.org/schema/util http://www.springframework.org/schema/util/spring-util.xsd">

	<bean id="abstractJmsTemplate" class="org.springframework.jms.core.JmsTemplate" abstract="true">
		<property name="connectionFactory" ref="connectionFactory"/>
		<property name="sessionTransacted" value="true"/>
	</bean>

	<bean id="receivingJmsTemplate" parent="abstractJmsTemplate">
		<property name="defaultDestinationName" value="confirmation.queue"/>
		<property name="receiveTimeout" value="100"/>
	</bean>

	<bean id="sendingJmsTemplate" parent="abstractJmsTemplate">
		<property name="defaultDestinationName" value="dining.queue"/>
	</bean>

</beans>
