<!--?xml version="1.0" encoding="UTF-8"? -->  
<!DOCTYPE tiles-definitions PUBLIC "-//Apache Software Foundation//DTD Tiles Configuration 3.0//EN" 
"http://tiles.apache.org/dtds/tiles-config_3_0.dtd">

<tiles-definitions>
	<!-- Default Template -->
	<definition name="generic-template" template="/WEB-INF/views/layouts/default.jsp">
		<put-attribute name="title-content" value="Counter Fraud Authority Self Review tool" />
		<put-attribute name="navbar-content" value="/WEB-INF/views/sections/navbar.jsp" />
		<put-attribute name="main-content" value="" />
		<put-attribute name="modal-content" value="" />
		<put-attribute name="custom-js" value="" />
	</definition>

	<!-- Login page -->
	<definition name="login" extends="generic-template">
		<put-attribute name="navbar-content" value="/WEB-INF/views/sections/navbar.jsp" />
		<put-attribute name="title-content" value="Login - NHS Counter Fraud Authority Self Review tool" />
		<put-attribute name="main-content" value="/WEB-INF/views/contents/login.jsp" />
		<put-attribute name="modal-content" value="" />
		<put-attribute name="custom-js" value="" />
	</definition>

	<!-- Main page -->
	<definition name="main" extends="generic-template">
		<put-attribute name="title-content" value="Home - Counter Fraud Authority Self Review tool" />
		<put-attribute name="main-content" value="/WEB-INF/views/contents/main.jsp" />
		<put-attribute name="modal-content" value="" />
		<put-attribute name="custom-js" value="" />
	</definition>

	<!-- SRTForm -->
	<definition name="srtlist" extends="generic-template">
		<put-attribute name="title-content" value="Submissions - Counter Fraud Authority Self Review tool" />
		<put-attribute name="main-content"
			value="/WEB-INF/views/contents/SRTList.jsp" />
		<put-attribute name="modal-content" value="" />
		<put-attribute name="custom-js" value="" />
	</definition>

	<!-- LCFS Form -->
	<definition name="lcfsform" extends="generic-template">
		<put-attribute name="title-content" value="Provider Submission - Counter Fraud Authority Self Review tool" />
		<put-attribute name="navbar-content" value="/WEB-INF/views/sections/navbar.jsp" />
		<put-attribute name="main-content"
			value="/WEB-INF/views/contents/LCFSSRT.jsp" />
		<put-attribute name="modal-content" value="" />
		<put-attribute name="custom-js" value="" />
	</definition>

		<!-- Exception caught Page -->
	<definition name="exception-caught" extends="generic-template">
		<put-attribute name="title-content" value="Error - Counter Fraud Authority Self Review tool" />
		<put-attribute name="main-content"
			value="/WEB-INF/views/errors/exception-caught.jsp" />
		<put-attribute name="modal-content" value="" />
		<put-attribute name="custom-js" value="" />
	</definition>

	<!-- Exception caught Page -->
	<definition name="access-denied" extends="generic-template">
		<put-attribute name="title-content" value="Access Denied - Counter Fraud Authority Self Review tool" />
		<put-attribute name="main-content"
			value="/WEB-INF/views/errors/access-denied.jsp" />
		<put-attribute name="modal-content" value="" />
		<put-attribute name="custom-js" value="" />
	</definition>

	<!-- Under Construction Page -->
	<definition name="404" extends="generic-template">
		<put-attribute name="title-content" value="Under Construction - Counter Fraud Authority Self Review tool" />
		<put-attribute name="navbar-content" value="/WEB-INF/views/sections/navbar.jsp" />
		<put-attribute name="main-content"
			value="/WEB-INF/views/contents/underConstruction.jsp" />
		<put-attribute name="modal-content" value="" />
		<put-attribute name="custom-js" value="" />
	</definition>

</tiles-definitions>