<?xml version="1.0" encoding="UTF-8"?>
<groups xmlns="http://www.isdc.ro/wro" xmlns:xsi="http://www.w3.org/2001/XMLSchema-instance"
	xsi:schemaLocation="http://www.isdc.ro/wro wro.xsd">

	<!-- CSS resources -->
	<group name="vendorCss">
		<css>/resources/css/vendor/bootstrap/css/bootstrap.css</css>
		<css>/resources/css/vendor/bootstrap/css/bootstrap-theme.css</css>
		<css>/resources/css/vendor/ladda/ladda-themeless.css</css>
		<css>/resources/css/vendor/jquery.dataTables.css</css>
	</group>

	<!-- Application CSS -->
	<group name="applicationCss">
		<css>/resources/css/utility.css</css>
		<css>/resources/css/core.css</css>
		<css>/resources/css/srt.css</css>
	</group>

	<!-- JS resources -->
	<group name="vendorJs">
		<js>/resources/js/vendor/jquery-3.1.1.js</js>
		<js>/resources/js/vendor/jquery-ui-1.12.1.js</js>
		<js>/resources/js/vendor/bootstrap/js/bootstrap.js</js>
		<js>/resources/js/vendor/jquery.numeric.js</js>
		<js>/resources/js/vendor/jquery.formatCurrency-1.4.0.js</js>
		<js>/resources/js/vendor/ladda/spin.js</js>
		<js>/resources/js/vendor/ladda/ladda.js</js>
		<js>/resources/js/vendor/jquery.scrollNav.js</js>
		<js>/resources/js/vendor/jquery.scrollNav.min.js</js>		
	</group>

	<group name="appJs">
		<js>/resources/js/default.js</js>
	</group>
	<group name="formsJs">
		<js>/resources/js/calculateScores.js</js>
		<js>/resources/js/validate.js</js>
		<js>/resources/js/tabs.js</js>
		<js>/resources/js/srt.js</js>
	</group>


</groups>
