<?xml version="1.0" encoding="UTF-8"?>
<beans xmlns="http://www.springframework.org/schema/beans"
	xmlns:xsi="http://www.w3.org/2001/XMLSchema-instance"
	xsi:schemaLocation="http://www.springframework.org/schema/beans http://www.springframework.org/schema/beans/spring-beans-3.2.xsd">

	<!-- Tiles3 config -->
	<bean id="tilesViewResolver"
		class="org.springframework.web.servlet.view.tiles3.TilesViewResolver">
	</bean>



	<bean id="tilesConfigurer"
		class="org.springframework.web.servlet.view.tiles3.TilesConfigurer">
		<property name="definitions">
			<list>
				<value>/WEB-INF/tiles-definitions.xml</value>
			</list>
		</property>
	</bean>
</beans>
