<?xml version="1.0" encoding="UTF-8"?>
<beans xmlns="http://www.springframework.org/schema/beans"
	xmlns:xsi="http://www.w3.org/2001/XMLSchema-instance" xmlns:security="http://www.springframework.org/schema/security"
	xmlns:util="http://www.springframework.org/schema/util"
	xsi:schemaLocation="http://www.springframework.org/schema/beans http://www.springframework.org/schema/beans/spring-beans-3.2.xsd
		http://www.springframework.org/schema/security http://www.springframework.org/schema/security/spring-security-3.2.xsd
		http://www.springframework.org/schema/util http://www.springframework.org/schema/util/spring-util-3.2.xsd">

	<!-- Exclude favicon from security context -->
	<security:http pattern="/favicon.ico" security="none" />

	<!-- Configure secured URLS -->
	<security:http use-expressions="true">
		<security:form-login login-processing-url="/resources/j_spring_security_check"
			login-page="/login" authentication-failure-url="/login?login_error=t"
			always-use-default-target="false" default-target-url="/" />
		<security:logout invalidate-session="true"
			logout-url="/resources/j_spring_security_logout" />
		<!-- intercept urls order is important use more restrictive first -->
		<security:intercept-url pattern="/monitoring/**"
			access="hasRole('ROLE_ADMIN_MONITOR')" />
		<security:intercept-url pattern="/admin/system/**"
			access="hasRole('ROLE_ADMIN')" />
		<security:intercept-url pattern="/admin/cpod/**"
			access="hasRole('ROLE_ADMIN')" />
		<security:intercept-url pattern="/admin/sirs/**"
			access="hasAnyRole('ROLE_ADMIN','ROLE_SIRS_ADMIN')" />
		<security:intercept-url pattern="/admin/srt/**"
			access="hasAnyRole('ROLE_ADMIN','ROLE_SRT_ADMIN')" />
		<security:intercept-url pattern="/login*"
			access="permitAll()" />
		<security:intercept-url pattern="/resources/**"
			access="permitAll()" />

		<security:intercept-url pattern="/**"
			access="isAuthenticated()" />
	</security:http>

	<!-- TODO replace with DB implemented ACL -->
	<security:authentication-manager>
		<security:authentication-provider
			user-service-ref="userDetailsService">
			<security:password-encoder ref="passwordEncoder" />
		</security:authentication-provider>
	</security:authentication-manager>

	<!-- TODO enable to ensure users are authenticated when accessing service 
		methods -->
	<security:global-method-security
		pre-post-annotations="disabled" />


</beans>
