<?xml version="1.0" encoding="UTF-8"?>
<beans xmlns="http://www.springframework.org/schema/beans"
	xmlns:xsi="http://www.w3.org/2001/XMLSchema-instance" xmlns:context="http://www.springframework.org/schema/context"
	xmlns:mvc="http://www.springframework.org/schema/mvc" xmlns:p="http://www.springframework.org/schema/p"
	xsi:schemaLocation="http://www.springframework.org/schema/beans http://www.springframework.org/schema/beans/spring-beans-3.2.xsd
		http://www.springframework.org/schema/context http://www.springframework.org/schema/context/spring-context-3.2.xsd
		http://www.springframework.org/schema/mvc http://www.springframework.org/schema/mvc/spring-mvc-3.2.xsd">

	<!-- package to scan for Spring MVC controllers -->
	<context:component-scan base-package="uk.nhs.nhsprotect.cpod.controller" />
	<!-- Enable annotation driven SPRING MVC -->
	<mvc:annotation-driven>
		<mvc:argument-resolvers>
			<bean
				class="com.github.dandelion.datatables.extras.spring3.ajax.DatatablesCriteriasResolver"></bean>
		</mvc:argument-resolvers>
	</mvc:annotation-driven>

	<!-- Static resource managment -->
	<mvc:resources mapping="/resources/**" location="/resources/" />
	<mvc:resources mapping="/favicon.ico" location="/favicon.ico" />

	<!-- Message property file config -->
	<bean id="messageSource"
		class="org.springframework.context.support.ReloadableResourceBundleMessageSource">
		<property name="basename" value="/WEB-INF/messages/messages" />
		<property name="cacheSeconds" value="0" />
	</bean>

	<!-- Exception handler -->
	<bean
		class="org.springframework.web.servlet.handler.SimpleMappingExceptionResolver"
		p:order="3" p:defaultErrorView="exception-caught" p:warnLogCategory="warn" />


	<!-- incterceptor used by web app -->
	<mvc:interceptors>
		<bean class="uk.nhs.nhsprotect.cpod.interceptor.UserContextInterceptor" />
	</mvc:interceptors>

	<!-- Import Tiles config -->
	<import resource="spring-tiles.xml" />

	<!-- Address lookup controller -->
	<context:property-placeholder location="classpath:als.properties" />
	
	<bean id="restTemplate" class="org.springframework.web.client.RestTemplate" />
	<bean id="objectMapper" class="com.fasterxml.jackson.databind.ObjectMapper" />
	<bean id="responseEntity" class="org.springframework.http.ResponseEntity">
		<constructor-arg value="OK" />
	</bean>

</beans>
