<?xml version="1.0" encoding="UTF-8"?>
<beans xmlns="http://www.springframework.org/schema/beans"
	xmlns:xsi="http://www.w3.org/2001/XMLSchema-instance"
	xmlns:batch="http://www.springframework.org/schema/batch"
	xsi:schemaLocation="http://www.springframework.org/schema/batch http://www.springframework.org/schema/batch/spring-batch-3.0.xsd
		http://www.springframework.org/schema/beans http://www.springframework.org/schema/beans/spring-beans.xsd">

	<bean id="transactionManager" class="org.springframework.jdbc.datasource.DataSourceTransactionManager">
		<property name="dataSource" ref="dataSource"/>
	</bean>

	<batch:job-repository id="jobRepository" />

	<bean class="org.springframework.batch.core.configuration.support.JobRegistryBeanPostProcessor">
		<property name="jobRegistry" ref="jobRegistry"/>
	</bean>

	<bean id="jobLauncher" class="org.springframework.batch.core.launch.support.SimpleJobLauncher">
		<property name="jobRepository" ref="jobRepository" />
	</bean>

	<bean id="jobRegistry" class="org.springframework.batch.core.configuration.support.MapJobRegistry" />

</beans>
