<?xml version="1.0" encoding="UTF-8"?>
<ehcache xmlns:xsi="http://www.w3.org/2001/XMLSchema-instance"
	xsi:noNamespaceSchemaLocation="ehcache.xsd" updateCheck="false"
	monitoring="autodetect" dynamicConfig="true">

	<!-- budget dropdown cache -->
	<cache name="budgets" maxEntriesLocalHeap="100"
		maxEntriesLocalDisk="50" eternal="false" diskSpoolBufferSizeMB="1"
		timeToIdleSeconds="200" timeToLiveSeconds="86400"
		memoryStoreEvictionPolicy="LFU" transactionalMode="off" statistics="true">
		<persistence strategy="localTempSwap" />
	</cache>

	<!-- region for org (code) cache -->
	<cache name="regionCodeForOrg" maxEntriesLocalHeap="100"
		maxEntriesLocalDisk="50" eternal="false" diskSpoolBufferSizeMB="1"
		timeToIdleSeconds="200" timeToLiveSeconds="86400"
		memoryStoreEvictionPolicy="LFU" transactionalMode="off" statistics="true">
		<persistence strategy="localTempSwap" />
	</cache>

	<!-- organisation types dropdown -->
	<cache name="orgTypes" maxEntriesLocalHeap="100"
		maxEntriesLocalDisk="50" eternal="false" diskSpoolBufferSizeMB="1"
		timeToIdleSeconds="200" timeToLiveSeconds="86400"
		memoryStoreEvictionPolicy="LFU" transactionalMode="off" statistics="true">
		<persistence strategy="localTempSwap" />
	</cache>

	<!-- provider types dropdown -->
	<cache name="providerTypes" maxEntriesLocalHeap="100"
		maxEntriesLocalDisk="50" eternal="false" diskSpoolBufferSizeMB="1"
		timeToIdleSeconds="200" timeToLiveSeconds="86400"
		memoryStoreEvictionPolicy="LFU" transactionalMode="off" statistics="true">
		<persistence strategy="localTempSwap" />
	</cache>

	<!-- regions dropdown -->
	<cache name="regions" maxEntriesLocalHeap="100"
		maxEntriesLocalDisk="50" eternal="false" diskSpoolBufferSizeMB="1"
		timeToIdleSeconds="200" timeToLiveSeconds="86400"
		memoryStoreEvictionPolicy="LFU" transactionalMode="off" statistics="true">
		<persistence strategy="localTempSwap" />
	</cache>

	<!-- headcounts dropdown -->
	<cache name="headcounts" maxEntriesLocalHeap="100"
		maxEntriesLocalDisk="50" eternal="false" diskSpoolBufferSizeMB="1"
		timeToIdleSeconds="200" timeToLiveSeconds="86400"
		memoryStoreEvictionPolicy="LFU" transactionalMode="off" statistics="true">
		<persistence strategy="localTempSwap" />
	</cache>

	<!-- orgs previous questionnaires -->
	<cache name="previousQuestionnaires" maxEntriesLocalHeap="100"
		maxEntriesLocalDisk="50" eternal="false" diskSpoolBufferSizeMB="1"
		timeToIdleSeconds="200" timeToLiveSeconds="500"
		memoryStoreEvictionPolicy="LFU" transactionalMode="off" statistics="true">
		<persistence strategy="localTempSwap" />
	</cache>

	<!-- orgs current questionnaires -->
	<cache name="currentQuestionnaires" maxEntriesLocalHeap="100"
		maxEntriesLocalDisk="50" eternal="false" diskSpoolBufferSizeMB="1"
		timeToIdleSeconds="200" timeToLiveSeconds="500"
		memoryStoreEvictionPolicy="LFU" transactionalMode="off" statistics="true">
		<persistence strategy="localTempSwap" />
	</cache>

	<!-- SRT Forms -->
	<cache name="srtForms" maxEntriesLocalHeap="100"
		maxEntriesLocalDisk="50" eternal="false" diskSpoolBufferSizeMB="1"
		timeToIdleSeconds="200" timeToLiveSeconds="500"
		memoryStoreEvictionPolicy="LFU" transactionalMode="off" statistics="true">
		<persistence strategy="localTempSwap" />
	</cache>

	<!-- SRT Statuses -->
	<cache name="srtStatus" maxEntriesLocalHeap="100"
		maxEntriesLocalDisk="50" eternal="false" diskSpoolBufferSizeMB="1"
		timeToIdleSeconds="200" timeToLiveSeconds="500"
		memoryStoreEvictionPolicy="LFU" transactionalMode="off" statistics="true">
		<persistence strategy="localTempSwap" />
	</cache>
	
	<!-- Shared access passwords -->
	<cache name="sharedPassword" maxEntriesLocalHeap="100"
		maxEntriesLocalDisk="50" eternal="false" diskSpoolBufferSizeMB="1"
		timeToIdleSeconds="200" timeToLiveSeconds="500"
		memoryStoreEvictionPolicy="LFU" transactionalMode="off" statistics="true">
		<persistence strategy="localTempSwap" />
	</cache>

	<!-- SRT Summary -->
	<cache name="srtSummary" maxEntriesLocalHeap="100"
		maxEntriesLocalDisk="50" eternal="false" diskSpoolBufferSizeMB="1"
		timeToIdleSeconds="200" timeToLiveSeconds="500"
		memoryStoreEvictionPolicy="LFU" transactionalMode="off" statistics="true">
		<persistence strategy="localTempSwap" />
	</cache>

	<!-- Responsibilities -->
	<cache name="responsibilities" maxEntriesLocalHeap="100"
		maxEntriesLocalDisk="50" eternal="false" diskSpoolBufferSizeMB="1"
		timeToIdleSeconds="200" timeToLiveSeconds="86400"
		memoryStoreEvictionPolicy="LFU" transactionalMode="off" statistics="true">
		<persistence strategy="localTempSwap" />
	</cache>

	<!-- Organisations -->
	<cache name="organisations" maxEntriesLocalHeap="100"
		maxEntriesLocalDisk="50" eternal="false" diskSpoolBufferSizeMB="1"
		timeToIdleSeconds="200" timeToLiveSeconds="86400"
		memoryStoreEvictionPolicy="LFU" transactionalMode="off" statistics="true">
		<persistence strategy="localTempSwap" />
	</cache>

	<!-- Year Range as String -->
	<cache name="yearRanges" maxEntriesLocalHeap="100"
		maxEntriesLocalDisk="50" eternal="false" diskSpoolBufferSizeMB="1"
		timeToIdleSeconds="200" timeToLiveSeconds="86400"
		memoryStoreEvictionPolicy="LFU" transactionalMode="off" statistics="true">
		<persistence strategy="localTempSwap" />
	</cache>

	<!-- Year Range -->
	<cache name="yearRange" maxEntriesLocalHeap="100"
		maxEntriesLocalDisk="50" eternal="false" diskSpoolBufferSizeMB="1"
		timeToIdleSeconds="200" timeToLiveSeconds="86400"
		memoryStoreEvictionPolicy="LFU" transactionalMode="off" statistics="true">
		<persistence strategy="localTempSwap" />
	</cache>

	<!-- Person -->
	<cache name="person" maxEntriesLocalHeap="100"
		maxEntriesLocalDisk="50" eternal="false" diskSpoolBufferSizeMB="1"
		timeToIdleSeconds="200" timeToLiveSeconds="86400"
		memoryStoreEvictionPolicy="LFU" transactionalMode="off" statistics="true">
		<persistence strategy="localTempSwap" />
	</cache>










	<diskStore path="java.io.tmpdir/ehcache" />
</ehcache>
