<?xml version="1.0" encoding="UTF-8" ?>
<configuration scan="true" scanPeriod="30 seconds">
	<contextName>ALS</contextName>

	<appender name="STDOUT" class="ch.qos.logback.core.ConsoleAppender">
		<encoder>
			<pattern>
				%d [%t] %-5level %logger{36} - %msg%n
			</pattern>
		</encoder>
	</appender>

	<appender name="FILE"
		class="ch.qos.logback.core.rolling.RollingFileAppender">
		<file>${log4j.logfile}</file>

		<rollingPolicy class="ch.qos.logback.core.rolling.TimeBasedRollingPolicy">
			<!-- daily rollover -->
			<fileNamePattern>logFile.%d{yyyy-MM-dd}.log
			</fileNamePattern>
			<!-- keep 30 days' worth of history -->
			<maxHistory>30</maxHistory>
		</rollingPolicy>

		<encoder>
			<pattern>%d [%t] %-5level %logger{36} - %msg%n</pattern>
		</encoder>
	</appender>

	<appender name="EMAIL" class="ch.qos.logback.classic.net.SMTPAppender">
		<smtpHost>smtp.cfsms.nhs.uk</smtpHost>
		<to>ISDDevelopmentUnit@NHSProtect.gsi.gov.uk</to>
		<!--<to>ANOTHER_EMAIL_DESTINATION</to> additional destinations are possible -->
		<from>${log4j.server}</from>
		<subject>ALS ERROR</subject>
		<layout class="ch.qos.logback.classic.html.HTMLLayout" />

		<filter class="ch.qos.logback.classic.filter.ThresholdFilter">
			<level>ERROR</level>
		</filter>
	</appender>

	<root level="${log4j.loglevel}">
		<appender-ref ref="STDOUT" />
		<appender-ref ref="FILE" />
		<appender-ref ref="EMAIL" />
	</root>
	<!-- LOGBACK -->
	<logger name="ch.qos.logback.classic" level="ERROR" />

	<!-- Connection Pooling -->
	<logger name="com.zaxxer.hikari" level="ERROR" />

	<!-- Spring framework -->
	<logger name="org.springframework.aop" level="ERROR" />
	<logger name="org.springframework.beans" level="ERROR" />
	<logger name="org.springframework.cache" level="ERROR" />
	<logger name="org.springframework.context" level="ERROR" />
	<logger name="org.springframework.core" level="ERROR" />
	<logger name="org.springframework.data" level="ERROR" />
	<logger name="org.springframework.jdbc" level="ERROR" />
	<logger name="org.springframework.jndi" level="ERROR" />
	<logger name="org.springframework.orm" level="ERROR" />
	<logger name="org.springframework.transaction" level="ERROR" />
	<logger name="org.springframework.ui" level="ERROR" />
	<logger name="org.springframework.web" level="ERROR" />


	<!-- Spring Security -->
	<logger name="org.springframework.security" level="ERROR" />

	<!-- Wro Filter -->
	<logger name="ro.isdc.wro" level="DEBUG" />

	<!-- Apache Tiles -->
	<logger name="org.apache.tiles" level="ERROR" />

	<!-- Apache Commons -->
	<logger name="org.apache.commons" level="ERROR" />


	<!-- Hibernate framework -->
	<logger name="org.hibernate.annotations" level="ERROR" />
	<logger name="org.hibernate.boot" level="ERROR" />
	<logger name="org.hibernate.cache" level="ERROR" />
	<logger name="org.hibernate.cfg" level="ERROR" />
	<logger name="org.hibernate.dialect" level="ERROR" />
	<logger name="org.hibernate.engine" level="ERROR" />
	<logger name="org.hibernate.event" level="ERROR" />
	<logger name="org.hibernate.hql" level="ERROR" />
	<logger name="org.hibernate.id" level="ERROR" />
	<logger name="org.hibernate.integrator" level="ERROR" />
	<logger name="org.hibernate.internal" level="ERROR" />
	<logger name="org.hibernate.jpa" level="ERROR" />
	<logger name="org.hibernate.loader" level="ERROR" />
	<logger name="org.hibernate.mapping" level="ERROR" />
	<logger name="org.hibernate.persister" level="ERROR" />
	<logger name="org.hibernate.resource" level="ERROR" />
	<logger name="org.hibernate.search" level="ERROR" />
	<logger name="org.hibernate.secure" level="ERROR" />
	<logger name="org.hibernate.service" level="ERROR" />
	<logger name="org.hibernate.SQL" level="ERROR" />
	<logger name="org.hibernate.stat" level="ERROR" />
	<logger name="org.hibernate.transform" level="ERROR" />
	<logger name="org.hibernate.tool" level="ERROR" />
	<logger name="org.hibernate.type" level="ERROR" />
	<logger name="org.hibernate.validator" level="ERROR" />
	<logger name="org.hibernate.Version" level="ERROR" />
	<!-- EH Cache -->
	<logger name="net.sf.ehcache" level="ERROR" />

	<!-- JBoss logging -->
	<logger name="org.jboss.logging" level="ERROR" />

	<!-- Javamelody -->
	<logger name="net.bull.javamelody" level="ERROR" />

	<!-- NHSP -->
	<logger name="uk.nhs.nhsprotect" level="ERROR" />

</configuration>
