<!--?xml version="1.0" encoding="UTF-8"? -->  
<!DOCTYPE tiles-definitions PUBLIC "-//Apache Software Foundation//DTD Tiles Configuration 3.0//EN" 
"http://tiles.apache.org/dtds/tiles-config_3_0.dtd">
<tiles-definitions>
	<!-- Default Template -->
	<definition name="generic-template" template="/WEB-INF/views/layouts/default.jsp">
		<put-attribute name="title-content" value="" />
		<put-attribute name="navbar-content" value="/WEB-INF/views/sections/navbar.jsp" />
		<put-attribute name="custom-css" value="" />
		<put-attribute name="message-content"
			value="/WEB-INF/views/sections/message.jsp" />
		<put-attribute name="main-content" value="" />
		<put-attribute name="modal-content" value="" />
		<put-attribute name="custom-js" value="" />
	</definition>


	<!-- Login page -->
	<definition name="login" extends="generic-template">
		<put-attribute name="title-content" value="Login" />
		<put-attribute name="main-content"
			value="/WEB-INF/views/contents/loginContent.jsp" />
	</definition>

	<!-- Search landing page -->
	<definition name="search-view" extends="generic-template">
		<put-attribute name="title-content" value="CPOD Search" />
		<put-attribute name="main-content"
			value="/WEB-INF/views/contents/search/searchContent.jsp" />
		<put-attribute name="custom-js"
			value="/WEB-INF/views/contents/search/searchContentJS.jsp" />
	</definition>
	<!-- Search results page -->
	<definition name="search-results" extends="generic-template">
		<put-attribute name="title-content" value="CPOD Search Results" />

		<put-attribute name="main-content"
			value="/WEB-INF/views/contents/search/searchResultsContent.jsp" />
		<put-attribute name="custom-js"
			value="/WEB-INF/views/contents/search/searchResultsContentJS.jsp" />

	</definition>

	<!-- LIST SIRS Users page -->
	<definition name="list-sirs-users" extends="generic-template">
		<put-attribute name="title-content" value="SIRS Users List" />
		<put-attribute name="main-content"
			value="/WEB-INF/views/contents/admin/viewsirsUsers.jsp" />
		<put-attribute name="custom-js"
			value="/WEB-INF/views/contents/admin/viewsirsUsersJS.jsp" />
	</definition>

	<!-- LIST SRT Users Page -->
	<definition name="srt-user-results" extends="generic-template">
		<put-attribute name="title-content" value="SRT User Search Results" />
		<put-attribute name="main-content"
			value="/WEB-INF/views/contents/admin/viewSrtUsers.jsp" />
			<put-attribute name="custom-js"
			value="/WEB-INF/views/contents/admin/viewSrtUsersJS.jsp" />
	</definition>

	<!-- Create or Enable SIRS USER as part of SIRS USER Administration -->
	<definition name="srt-user-view" extends="generic-template">
		<put-attribute name="title-content" value="SRT User Details" />
		<put-attribute name="main-content"
			value="/WEB-INF/views/contents/admin/createSrtUser.jsp" />
		<put-attribute name="custom-js"
			value="/WEB-INF/views/contents/admin/createSrtUserJS.jsp" />
	</definition>

	<!-- Access Denied Page -->
	<definition name="access-denied" extends="generic-template">
		<put-attribute name="title-content" value="Access Denied" />
		<put-attribute name="navbar-content"
			value="/WEB-INF/views/sections/navbarNoLogin.jsp" />
		<put-attribute name="main-content"
			value="/WEB-INF/views/errors/accessDeniedContent.jsp" />
	</definition>


	<!-- Exception caught Page -->
	<definition name="exception-caught" extends="generic-template">
		<put-attribute name="title-content" value="Exception" />
		<put-attribute name="main-content"
			value="/WEB-INF/views/errors/exception-caught.jsp" />
	</definition>

	<!-- Under Construction Page -->
	<definition name="404" extends="generic-template">
		<put-attribute name="title-content" value="Under Construction" />
		<put-attribute name="navbar-content"
			value="/WEB-INF/views/sections/navbarNoLogin.jsp" />
		<put-attribute name="main-content"
			value="/WEB-INF/views/errors/404Content.jsp" />
	</definition>

	<!-- Admin Pages -->
	<!-- System Results page -->
	<definition name="system-results" extends="generic-template">
		<put-attribute name="title-content" value="NHS Protect Systems" />
		<put-attribute name="main-content"
			value="/WEB-INF/views/contents/admin/systemResultsContent.jsp" />
		<put-attribute name="custom-js"
			value="/WEB-INF/views/contents/admin/systemResultsJS.jsp" />
	</definition>
	<!-- View system -->
	<definition name="system-new" extends="generic-template">
		<put-attribute name="title-content" value="NHS Protect System Details" />
		<put-attribute name="main-content"
			value="/WEB-INF/views/contents/admin/viewSystemContent.jsp" />
		<put-attribute name="custom-js"
			value="/WEB-INF/views/contents/admin/viewSystemJS.jsp" />
	</definition>
	<definition name="system-view" extends="generic-template">
		<put-attribute name="title-content" value="NHS Protect System Details" />
		<put-attribute name="modal-content"
			value="/WEB-INF/views/contents/admin/modals/viewSystemModals.jsp" />
		<put-attribute name="main-content"
			value="/WEB-INF/views/contents/admin/viewSystemContent.jsp" />
		<put-attribute name="custom-js"
			value="/WEB-INF/views/contents/admin/viewSystemJS.jsp" />

	</definition>

	<!-- Results page -->
	<definition name="user-results" extends="generic-template">
		<put-attribute name="title-content" value="CPOD User Search Results" />
		<put-attribute name="main-content"
			value="/WEB-INF/views/contents/admin/userResultsContent.jsp" />
		<put-attribute name="custom-js"
			value="/WEB-INF/views/contents/admin/userResultsJS.jsp" />
	</definition>
	<!-- View user -->
	<definition name="user-view" extends="generic-template">
		<put-attribute name="title-content" value="CPOD User Details" />
		<put-attribute name="main-content"
			value="/WEB-INF/views/contents/admin/viewUserContent.jsp" />
		<put-attribute name="custom-js"
			value="/WEB-INF/views/contents/admin/viewUserJS.jsp" />
	</definition>

	<!-- Create or Enable SIRS USER as part of SIRS USER Administration -->
	<definition name="create_enable-sirs-user-view" extends="generic-template">
		<put-attribute name="title-content" value="SIRS User Details" />
		<put-attribute name="main-content"
			value="/WEB-INF/views/contents/admin/createSirsUser.jsp" />
		<put-attribute name="custom-js"
			value="/WEB-INF/views/contents/admin/createSirsUserJS.jsp" />
	</definition>

	<!-- Edit Specific SIRS USER as part of SIRS USER Administration -->
	<definition name="sirs-user-view" extends="generic-template">
		<put-attribute name="title-content" value="SIRS User Details" />
		<put-attribute name="main-content"
			value="/WEB-INF/views/contents/admin/viewSirsUserContent.jsp" />
		<put-attribute name="custom-js"
			value="/WEB-INF/views/contents/admin/viewSirsUserJS.jsp" />
	</definition>

	<!-- Change Password -->
	<definition name="password-change" extends="generic-template">
		<put-attribute name="title-content" value="CPOD User Change Password" />
		<put-attribute name="navbar-content"
			value="/WEB-INF/views/sections/navbarNoLogin.jsp" />
		<put-attribute name="main-content"
			value="/WEB-INF/views/contents/user/passwordChangeContent.jsp" />
		<put-attribute name="custom-js"
			value="/WEB-INF/views/contents/user/passwordChangeJS.jsp" />
	</definition>

	<!--Person Details page -->
	<definition name="person-view" extends="generic-template">
		<put-attribute name="title-content" value="Person Details" />
		<put-attribute name="main-content"
			value="/WEB-INF/views/contents/person/viewPersonContent.jsp" />
		<put-attribute name="custom-js"
			value="/WEB-INF/views/contents/person/viewPersonJS.jsp" />
	</definition>

	<!--Person Details page -->
	<definition name="person-viewRO" extends="generic-template">
		<put-attribute name="title-content" value="Person Details" />
		<put-attribute name="main-content"
			value="/WEB-INF/views/contents/person/viewPersonContentRO.jsp" />
		<put-attribute name="custom-js"
			value="/WEB-INF/views/contents/person/viewPersonJS.jsp" />
	</definition>

	<!-- Person Responsibilities page -->
	<definition name="person-resp-view" extends="generic-template">
		<put-attribute name="title-content" value="Person Responsibilities" />
		<put-attribute name="modal-content"
			value="/WEB-INF/views/contents/responsibility/modals/editResponsibilityModal.jsp" />
		<put-attribute name="main-content"
			value="/WEB-INF/views/contents/responsibility/responsibilitiesContent.jsp" />
		<put-attribute name="custom-js"
			value="/WEB-INF/views/contents/responsibility/responsibilitiesContentJS.jsp" />
	</definition>

	<!-- Person Responsibilities page -->
	<definition name="add-resp-view" extends="generic-template">
		<put-attribute name="title-content" value="Person Responsibilities" />
		<put-attribute name="main-content"
			value="/WEB-INF/views/contents/responsibility/responsibilityContent.jsp" />
		<put-attribute name="custom-js"
			value="/WEB-INF/views/contents/responsibility/responsibilityContentJS.jsp" />
	</definition>

	<!--Org Details page -->
	<definition name="organisation-view" extends="generic-template">
		<put-attribute name="title-content" value="Organisation Details" />
		<put-attribute name="modal-content"
			value="/WEB-INF/views/contents/responsibility/modals/editResponsibilityModal.jsp" />
		<put-attribute name="main-content"
			value="/WEB-INF/views/contents/organisation/viewOrganisationContent.jsp" />
		<!-- uses same JS file as responsibilities for modal -->
		<put-attribute name="custom-js"
			value="/WEB-INF/views/contents/responsibility/responsibilitiesContentJS.jsp" />
	</definition>
</tiles-definitions>