<?xml version="1.0" encoding="ISO-8859-1"?>
<project name="fcr">
	<skin>
		<groupId>org.apache.maven.skins</groupId>
		<artifactId>maven-fluido-skin</artifactId>
		<version>1.3.0</version>
	</skin>
	<custom>
		<fluidoSkin>
			<topBarEnabled>false</topBarEnabled>

			<sideBarEnabled>true</sideBarEnabled>
			<leftColumnClass>span2</leftColumnClass>
			<bodyColumnClass>span10</bodyColumnClass>
			<sourceLineNumbersEnabled>true</sourceLineNumbersEnabled>
		</fluidoSkin>
	</custom>
	<body>
		<links>
			<item name="NHS Protect Redmine"
				href="http://www.redmine.nhsprotect.nhs.uk/projects/srt" />
			<item name="Back to build" href="${jenkins.url}" />
		</links>

		<menu ref="reports" />
	</body>

</project>