<?xml version="1.0" encoding="UTF-8"?>
<beans xmlns="http://www.springframework.org/schema/beans"
    xmlns:xsi="http://www.w3.org/2001/XMLSchema-instance"
    xmlns:jms="http://www.springframework.org/schema/jms"
    xsi:schemaLocation="http://www.springframework.org/schema/beans
              http://www.springframework.org/schema/beans/spring-beans.xsd
              http://www.springframework.org/schema/jms
              http://www.springframework.org/schema/jms/spring-jms.xsd">

	<bean id="diningProcessor" class="rewards.messaging.client.JmsDiningProcessor">
		<property name="jmsTemplate" ref="jmsTemplate"/>
	</bean>

	<bean id="jmsTemplate" class="org.springframework.jms.core.JmsTemplate">
		<property name="connectionFactory" ref="cachingConnectionFactory"/>
		<property name="defaultDestination" ref="diningQueue"/>
	</bean>

	<bean id="confirmationLogger" class="rewards.messaging.client.RewardConfirmationLogger"/>
	 
</beans>
